<?xml version="1.0" encoding="UTF-8" standalone="yes"?>
<addon id="script.module.zope-interfaces" name="Twisted" version="4.0.5"
	provider-name="NordishByNature">
	<requires>
		<import addon="xbmc.python" version="2.1.0" />
	</requires>
	<extension point="xbmc.python.module" library="lib" />
	<extension point="xbmc.addon.metadata">
		<summary>Zope Interface Lib repack for XBMC</summary>
		<description>This package provides an implementation of "object interfaces" for Python.
Interfaces are a mechanism for labeling objects as conforming to a given
API or contract. So, this package can be considered as implementation of
the `Design By Contract`_ methodology support in Python.</description>
		<disclaimer>This addon makes no warranties, expressed or implied, and
			hereby disclaims and negates all other warranties, including without
			limitation, implied warranties or conditions of merchantability,
			fitness for a particular purpose, or non-infringement of intellectual
			property or other violation of rights. </disclaimer>
		<license>ZPL</license>
		<platform>all</platform>
	</extension>
</addon>
