<?xml version="1.0" encoding="UTF-8" standalone="yes"?>
<addon id="xbmc.repo.nordish-by-nature" name="NordishByNature Addons" version="0.2.0" provider-name="mablae">
	<extension point="xbmc.addon.repository" name="NordishByNature Addons">
		<info compressed="false">http://raw.github.com/mablae/xbmc-repo-nordish-by-nature/master/addons.xml</info>
		<checksum>http://raw.github.com/mablae/xbmc-repo-nordish-by-nature/master/addons.xml.md5</checksum>
		<datadir zip="false">http://github.com/mablae/xbmc-repo-nordish-by-nature/raw/master/</datadir>
	</extension>
	<extension point="xbmc.addon.metadata">
		<summary>Addons like CallerId and Twisted Module</summary>
		<description>Download and install addons from NordishByNature repository. </description>
		<disclaimer>All Beta. No WARRANTIES</disclaimer>
		<platform>all</platform>
	</extension>
</addon>
